index,buyer,client,type,brand,model,grams,total,pricePaid,commission,createdAt,photoUrl
"1","Richard","Jesús tallerr","suelto","Generico","","771","41","32","9","1782160127434","https://reminiscent-dolphin-481.convex.cloud/api/storage/ee86700c-3659-416c-a9b3-f7c8ad442bcc"
"2","Richard","Taller chu","suelto","Toyota","","997","64","52","12","1782159958473","https://reminiscent-dolphin-481.convex.cloud/api/storage/422f6f2d-a7b1-4213-9cd2-ecc0e0138b7e"
"3","Richard","Nueva era","pieza","Generico","2000","","45","35","10","1782159442343","https://reminiscent-dolphin-481.convex.cloud/api/storage/d0980522-bb0a-4145-a3ff-b578489c7ebb"
"4","Richard","Nueva era","pieza","Toyota","","","50","40","10","1782159400096","https://reminiscent-dolphin-481.convex.cloud/api/storage/eab9a850-6724-4e99-991d-c612fd5be14c"
"5","Richard","Nueva era","pieza","Toyota","Gg2","","80","70","10","1782159349427","https://reminiscent-dolphin-481.convex.cloud/api/storage/16884375-448d-40f5-b0eb-f92d539ed419"
"6","Richard","Taller la mitra","pieza","Generico","","","60","50","10","1781799178380","https://reminiscent-dolphin-481.convex.cloud/api/storage/b9804da8-9105-40c2-bf3f-0831b54b289a"
"7","Richard","Taller la mitra","pieza","Generico","","","55","45","10","1781799133512","https://reminiscent-dolphin-481.convex.cloud/api/storage/cb66d28e-c4b1-4902-8e22-ec53c8236567"
"8","Richard","Geovani","suelto","Toyota","","544","28","22","6","1781794863419","https://reminiscent-dolphin-481.convex.cloud/api/storage/31c835c4-5cfb-47bc-a144-9daeba2d9315"
"9","Richard","Taller chu","suelto","Toyota","","113","38","30","8","1781637192030","https://reminiscent-dolphin-481.convex.cloud/api/storage/6f520aa5-d5d8-49f6-8700-454bd0a34c69"
"10","Richard","Rodrigo","pieza","Hyundai","MCF","","30","20","10","1781635368543","https://reminiscent-dolphin-481.convex.cloud/api/storage/73f1ac9b-bba4-4ce2-a612-f27dc0f5cf1d"
"11","Richard","Rodrigo","pieza","Toyota","","","50","40","10","1781635308594","https://reminiscent-dolphin-481.convex.cloud/api/storage/0ca9fd15-0bc0-432c-b47a-9910a66cda41"
"12","Richard","Rodrigo","pieza","Kia","","","30","20","10","1781635263753","https://reminiscent-dolphin-481.convex.cloud/api/storage/86a224c5-f13d-450e-b37b-b64d76305743"
"13","Richard","SeñorAron","pieza","Generico","2000","","30","20","10","1781635206201","https://reminiscent-dolphin-481.convex.cloud/api/storage/8b5898fb-552f-43da-b903-b7deda4028f9"
"14","Richard","Aurelio","pieza","Hyundai","2000","","25","15","10","1781635158158","https://reminiscent-dolphin-481.convex.cloud/api/storage/185eeef5-ea31-453c-b89f-a1b92526dfec"
"15","Richard","Taller chu","suelto","Kia","","771","36","27","9","1781281603694","https://reminiscent-dolphin-481.convex.cloud/api/storage/3ec330b8-bd39-4aa4-b109-649d6b521b9c"
"16","Richard","Aurelio","pieza","Hyundai","","","35","25","10","1781276630947","https://reminiscent-dolphin-481.convex.cloud/api/storage/74678a22-c64e-484b-9a87-babd707f5be8"
"17","Richard","Nueva era","suelto","Hyundaikia","","907","52","40","12","1781187619369","https://reminiscent-dolphin-481.convex.cloud/api/storage/ebeb3586-cdaf-4ab6-a2ad-fdd3db325da7"
"18","Richard","Nueva era","pieza","Generico","2000","","50","40","10","1781187389161","https://reminiscent-dolphin-481.convex.cloud/api/storage/9acfdb00-1f1d-43dd-b6a2-f3f3d0a7981b"
"19","Richard","Nueva era","pieza","Generico","2000","","45","35","10","1781187348288","https://reminiscent-dolphin-481.convex.cloud/api/storage/21dce635-2ba0-4052-87da-279b3b577e47"
"20","Richard","Gustavo taller","suelto","Mitsubishi","","1043","55","43","12","1781123539999","https://reminiscent-dolphin-481.convex.cloud/api/storage/d53fb792-6f50-480e-a2cb-ebe4e143b727"
"21","Richard","Juan diaz","suelto","Generico","","1133","52","37","15","1781123451101","https://reminiscent-dolphin-481.convex.cloud/api/storage/dfbebe19-266b-4e8b-b6fc-eb27cc89191a"
"22","Richard","Taller JE","suelto","Hyundaikia","","680","39","30","9","1781123344430","https://reminiscent-dolphin-481.convex.cloud/api/storage/0b3533a3-688d-42a0-878f-f7de63c44e66"
"23","Richard","Anthony taller","suelto","Ford","","2222","86","60","26","1781123275959","https://reminiscent-dolphin-481.convex.cloud/api/storage/1c04c398-deaf-44b8-b709-f1b644ecdc33"
"24","Richard","Alvaro","suelto","Nissan","","1496","81","63","18","1781055810642","https://reminiscent-dolphin-481.convex.cloud/api/storage/981c1bb0-6836-4014-9251-75644ee87c84"
"25","Richard","Soldadura taller","suelto","Hyundai","","453","26","20","6","1780963607909","https://reminiscent-dolphin-481.convex.cloud/api/storage/039e0151-e207-4eb6-9ffe-fc0d2305c163"
"26","Richard","Clientecolon","pieza","Toyota","","","80","70","10","1780963457920","https://reminiscent-dolphin-481.convex.cloud/api/storage/31e19f29-a451-484b-9ce9-4c6f8d292d61"
"27","Richard","Nueva era","suelto","Generico","","952","53","41","12","1780946424785","https://reminiscent-dolphin-481.convex.cloud/api/storage/8b3fc527-8c37-40e5-8d0c-b57a8f0526e3"
"28","Richard","Gabriel","suelto","Chevrolet","","3129","177","138","39","1780941977452","https://reminiscent-dolphin-481.convex.cloud/api/storage/0f5f23db-532a-4211-b469-81c3205befc5"
"29","Richard","Rodrigo","pieza","Hyundai","Tooyo","","35","25","10","1780795539588","https://reminiscent-dolphin-481.convex.cloud/api/storage/1353ec77-51ed-438c-876c-abffacaa2c53"
"30","Richard","Taller río abajo","suelto","Hyundai","","498","27","21","6","1780769292053","https://reminiscent-dolphin-481.convex.cloud/api/storage/4b444d1d-43ae-4b1a-989b-13f09d2851ba"
"31","Richard","Soldadura taller","pieza","Hyundai","","","30","20","10","1780696621179","https://reminiscent-dolphin-481.convex.cloud/api/storage/d2bdacd7-c877-47f6-956d-7e7c687aa0cc"
"32","Richard","Rodrigo","pieza","Hyundai","","","35","25","10","1780696516705","https://reminiscent-dolphin-481.convex.cloud/api/storage/d470d68a-236f-401a-8037-ab4cb681cb78"
"33","Richard","Taller río abajo","pieza","Nissan","X3","","90","80","10","1780696466959","https://reminiscent-dolphin-481.convex.cloud/api/storage/beeedbe9-00d8-4dd2-95e3-2d2f6f9b8ba3"
"34","Richard","Wilmer rastro","pieza","Generico","20000","","50","40","10","1780696350469","https://reminiscent-dolphin-481.convex.cloud/api/storage/e5f575a5-5f74-40e6-bed8-89303b97c067"
"35","Richard","Rodrigo","pieza","Mitsubishi","","","70","60","10","1780527293419","https://reminiscent-dolphin-481.convex.cloud/api/storage/3e343124-07f4-4ae0-bede-ce98239cea9b"
"36","Richard","Rodrigo","pieza","Hyundai","","","35","25","10","1780527221446","https://reminiscent-dolphin-481.convex.cloud/api/storage/28d22f46-2e7a-4daa-b2ec-608fc17ed0ce"
"37","Richard","Rodrigo","pieza","Hyundai","","","35","25","10","1780527051655","https://reminiscent-dolphin-481.convex.cloud/api/storage/e45cb744-5b7a-44cf-93f6-2004c489acc7"
"38","Richard","Rodrigo","pieza","Toyota","","","60","50","10","1780526986296","https://reminiscent-dolphin-481.convex.cloud/api/storage/b79b2b01-8327-463b-9b6e-55f755267fd6"
"39","Richard","Geovani","pieza","Toyota","","","100","90","10","1780526910651","https://reminiscent-dolphin-481.convex.cloud/api/storage/886ceca3-efba-464b-bf4a-e2ad99567672"
"40","Richard","Geovani","pieza","Toyota","","","100","90","10","1780526870604","https://reminiscent-dolphin-481.convex.cloud/api/storage/f83c2fee-2fa4-4e74-905b-6da53bf09ba9"
"41","Richard","Taller chu","suelto","Mazda","","635","35","30","5","1780526811266","https://reminiscent-dolphin-481.convex.cloud/api/storage/b15878b5-b515-460e-a701-fb037dee1a35"
"42","Richard","Nueva era","pieza","Volkswagen","2000","","50","40","10","1780504018963","https://reminiscent-dolphin-481.convex.cloud/api/storage/fa3d00c8-ed6c-414b-a405-160ea2ba28d5"
"43","Andres Compra","Taller bosa","pieza","Varios","","","170","170","0","1780495350737","https://reminiscent-dolphin-481.convex.cloud/api/storage/963ecaa0-cfba-4507-9263-df54dadde897"
"44","Richard","Auto","suelto","Generico","","544","28","22","6","1780423095827","https://reminiscent-dolphin-481.convex.cloud/api/storage/a426102c-a554-4bdc-bcab-db75162087d2"
"45","Richard","Rodrigo","suelto","Generico","","544","28","22","6","1780422995161","https://reminiscent-dolphin-481.convex.cloud/api/storage/c857ea4f-1a1d-45f0-a3d1-166f5b77e178"
"46","Richard","Milton soldadura","suelto","Nissan","","326","13","10","3","1780409447441","https://reminiscent-dolphin-481.convex.cloud/api/storage/428a1028-a54b-4ef3-95fa-3ec10a0ed061"
"47","Richard","Personal","suelto","Hyundai","","907","52","40","12","1780409388527","https://reminiscent-dolphin-481.convex.cloud/api/storage/0039924c-7c5b-490b-8d3e-7db1505a9040"
"48","Richard","Estrella de oro","suelto","Honda","","544","26","20","6","1780323807817","https://reminiscent-dolphin-481.convex.cloud/api/storage/42a0c122-53b0-4e12-9135-b564af837b65"
"49","Richard","Estrella de oro","suelto","Hyundai","","498","26","20","6","1780323755375","https://reminiscent-dolphin-481.convex.cloud/api/storage/96ea2027-531c-4a21-a6cb-fe9bed56b230"
"50","Richard","Miguel soldador","pieza","Toyota","Tb1","","110","100","10","1780154439737","https://reminiscent-dolphin-481.convex.cloud/api/storage/650471eb-0773-43c3-9ad2-2203de65523d"
"51","Richard","Miguel soldador","pieza","Toyota","Gp1","","110","100","10","1780154394863","https://reminiscent-dolphin-481.convex.cloud/api/storage/864bb9bf-9f13-4b78-8b39-97ec2572a3fa"
"52","Richard","Taller río abajo","suelto","Toyota","","1632","91","70","21","1780154211765","https://reminiscent-dolphin-481.convex.cloud/api/storage/c2ee0377-e6f6-459b-a29c-561439d1ae22"
"53","Richard","Taller leo","suelto","Mitsubishi","","635","28","22","6","1780026729652","https://reminiscent-dolphin-481.convex.cloud/api/storage/891d9433-f307-47c0-96dd-0a16f8e11dd2"
"54","Richard","Rodrigo","pieza","Kia","2000","","35","25","10","1779914852296","https://reminiscent-dolphin-481.convex.cloud/api/storage/643e4f64-710a-4f1b-bd1b-095f456cfa4b"
"55","Richard","Rodrigo","pieza","Kia","2000","","35","25","10","1779914730278","https://reminiscent-dolphin-481.convex.cloud/api/storage/38c81627-4a78-421a-aeb9-e2026cf00ec6"
"56","Richard","Rodrigo","pieza","Kia","2000","","30","20","10","1779914626797","https://reminiscent-dolphin-481.convex.cloud/api/storage/da8e7153-d640-41be-b5fb-8cbecf8ad375"
"57","Richard","Rodrigo","pieza","Kia","2000","","30","20","10","1779914443879","https://reminiscent-dolphin-481.convex.cloud/api/storage/e6e5d6e1-57e5-4372-a299-0f9e0474c037"
"58","Richard","Rodrigo","pieza","Kia","2000","","35","25","10","1779914315480","https://reminiscent-dolphin-481.convex.cloud/api/storage/cdc005e2-6db8-43fd-8fb9-559fb9c67840"
"59","Richard","Rodrigo","pieza","Hyundai","2000","","55","45","10","1779914167240","https://reminiscent-dolphin-481.convex.cloud/api/storage/4d3471b7-bd2b-4f4d-bcfd-4bd4178a7aae"
"60","Richard","Rodrigo","pieza","Hyundai","","","35","25","10","1779914035008","https://reminiscent-dolphin-481.convex.cloud/api/storage/f342d6f2-07a8-4850-90e3-696b8e75baf8"
"61","Richard","Autoservicio","suelto","Hyundai","","1133","65","50","15","1779913465617","https://reminiscent-dolphin-481.convex.cloud/api/storage/8140da14-7bfa-4d76-93c2-90a203293a6d"
"62","Richard","Autoservicio","suelto","Toyotanissan","","1133","65","50","15","1779913397535","https://reminiscent-dolphin-481.convex.cloud/api/storage/3249b9dd-2b76-421e-9ea6-8a6e891c2cbd"
"63","Richard","Autoservicio","suelto","Generico","","680","22","16","6","1779913354755","https://reminiscent-dolphin-481.convex.cloud/api/storage/f03a5298-8df9-4372-a95e-baa759529ba6"
"64","Richard","Ancon cars","suelto","Generico","","226","13","10","3","1779851645655","https://reminiscent-dolphin-481.convex.cloud/api/storage/9980df4f-2315-4539-99d0-1740e066c297"
"65","Richard","Nueva era","pieza","Mitsubishi","","","90","80","10","1779850819013","https://reminiscent-dolphin-481.convex.cloud/api/storage/83a6fcfd-64dc-49b1-b2da-60acbfd453a0"
"66","Richard","Nueva era","pieza","Hyundai","2000","","16","10","6","1779850619581","https://reminiscent-dolphin-481.convex.cloud/api/storage/d1cbcd43-10d2-487a-be7d-bfa6e06392b4"
"67","Richard","Aaron","pieza","Fomoco","2000","","105","95","10","1779850194768","https://reminiscent-dolphin-481.convex.cloud/api/storage/b79bef8f-8fac-434f-a583-a1c39665bf94"
"68","Andres Compra","Rastro linin","pieza","Generico","","","20","20","0","1779809716916","https://reminiscent-dolphin-481.convex.cloud/api/storage/4058acec-1e0a-452d-86b5-f9e8d6a4d500"
"69","Andres Compra","Taller kam","pieza","Generico","","","200","200","0","1779809659370","https://reminiscent-dolphin-481.convex.cloud/api/storage/2ea5097a-320b-42eb-b5be-63b60d67f837"
"70","Andres Compra","Taller kam","pieza","Generico","","","100","100","0","1779809627780","https://reminiscent-dolphin-481.convex.cloud/api/storage/a6fc8a60-e486-4ed9-a27c-7e41eca2f522"
"71","Richard","Rastro vacamonte","pieza","Generico","2000","","30","22","8","1779748076960","https://reminiscent-dolphin-481.convex.cloud/api/storage/e7edb746-e38d-4d3a-acf7-d804c5c5c4e9"
"72","Richard","Taller río abajo","suelto","Nissan","","453","26","20","6","1779747997324","https://reminiscent-dolphin-481.convex.cloud/api/storage/7a8aec1a-f222-4302-a13f-f46f147cacf7"
"73","Richard","Taller central","suelto","Hyundai","","453","26","20","6","1779747852130","https://reminiscent-dolphin-481.convex.cloud/api/storage/7b62ee29-0e5a-44b2-aa81-69ed1618cc07"
"74","Richard","Jesús tallerr","pieza","Nissan","2000","","115","105","10","1779716502753","https://reminiscent-dolphin-481.convex.cloud/api/storage/cb649cfd-1afa-4faf-89a9-90c6dea954ce"
"75","Richard","Rastro507","suelto","Toyotakia","","861","51","40","11","1779648524904","https://reminiscent-dolphin-481.convex.cloud/api/storage/61ec9835-f304-48b7-9a89-897cc2bba8e9"
"76","Andres Compra","Itsmo llantas","pieza","Generico","","","90","90","0","1779481012227","https://reminiscent-dolphin-481.convex.cloud/api/storage/98095bb3-83c4-431a-903f-a772e27a1719"
"77","Andres Compra","AJ service","pieza","Generico","","","90","90","0","1779480980798","https://reminiscent-dolphin-481.convex.cloud/api/storage/fec6802e-a409-4b5b-a642-4b03bffd8750"
"78","Andres Compra","AJ service","pieza","Generico","","","90","90","0","1779480953575","https://reminiscent-dolphin-481.convex.cloud/api/storage/b7607183-23fa-4b65-8e51-6cb36a5656d6"
"79","Andres Compra","AJ service","pieza","Generico","","","90","90","0","1779480929079","https://reminiscent-dolphin-481.convex.cloud/api/storage/a9addcac-6ebf-42f0-a978-867093c65ce5"
"80","Andres Compra","AJ service","pieza","Generico","","","90","90","0","1779480908657","https://reminiscent-dolphin-481.convex.cloud/api/storage/670edf9e-2d6e-4fa0-8791-aa787b166b8c"
"81","Andres Compra","AJ service","pieza","Generico","","","90","90","0","1779480886600","https://reminiscent-dolphin-481.convex.cloud/api/storage/08cc1964-e8a3-4122-b5ba-07dc201b5fc7"
"82","Andres Compra","AJ service","pieza","Generico","","","90","90","0","1779480865797","https://reminiscent-dolphin-481.convex.cloud/api/storage/91f1df39-40cc-4aad-a994-280d61f24969"
"83","Andres Compra","AJ service","pieza","Generico","","","90","90","0","1779480842244","https://reminiscent-dolphin-481.convex.cloud/api/storage/7b9df572-de4b-4c8d-9781-41733f52a516"
"84","Andres Compra","AJ service","pieza","Generico","","","90","90","0","1779480821557","https://reminiscent-dolphin-481.convex.cloud/api/storage/6a684282-fdc2-46b8-ae5a-18815e7a49c2"
"85","Andres Compra","AJ service","pieza","Generico","","","90","90","0","1779480796180","https://reminiscent-dolphin-481.convex.cloud/api/storage/60a275cd-85f6-4eab-97e0-9dfb3df8d09c"
"86","Andres Compra","Servicentro vicente","pieza","Generico","","","25","25","0","1779480757676","https://reminiscent-dolphin-481.convex.cloud/api/storage/864b297d-0003-489c-8a50-f7d2db6fed99"
"87","Andres Compra","Ce car services","pieza","Kia","","","25","25","0","1779480733249","https://reminiscent-dolphin-481.convex.cloud/api/storage/7ab94584-2797-4962-a25e-9ab35adac347"
"88","Andres Compra","Taller río abajo","pieza","Kia","","","30","30","0","1779480580609","https://reminiscent-dolphin-481.convex.cloud/api/storage/5c8f24a7-e144-49bd-a12a-41ca6e5a152a"
"89","Andres Compra","Maxcenter","pieza","Kia","","","30","30","0","1779480552724","https://reminiscent-dolphin-481.convex.cloud/api/storage/13a4e2ef-a557-47e8-a9d2-f801cbc82f2e"
"90","Richard","Taller roberto","suelto","Honda","","1315","77","60","17","1779475794438","https://reminiscent-dolphin-481.convex.cloud/api/storage/c015d3ec-7eec-43ed-8004-2ad6bd7e44e9"
"91","Richard","Taller kam","pieza","Delphi","2000","","85","75","10","1779456899509","https://reminiscent-dolphin-481.convex.cloud/api/storage/f5371e66-b2e6-40c3-9d01-f7ab1941d8cb"
"92","Richard","Polo serviauto","suelto","Toyota","","1360","78","60","18","1779421508664","https://reminiscent-dolphin-481.convex.cloud/api/storage/0e40fdbf-375c-42fe-a9b5-9113109fc64f"
"93","Richard","Taller río abajo","suelto","Toyota","","408","26","20","6","1779421065326","https://reminiscent-dolphin-481.convex.cloud/api/storage/6ab0b216-5f51-4aab-a001-cb5fa62dcc0d"
"94","Andres Compra","Autozen","pieza","Audi","","","145","145","0","1779282495019","https://reminiscent-dolphin-481.convex.cloud/api/storage/823f8530-559b-4f3e-806b-f3dec5b28d1b"
"95","Andres Compra","Servicentro vicente","pieza","Americ","","","85","85","0","1779282425086","https://reminiscent-dolphin-481.convex.cloud/api/storage/0c1736fd-b892-4bcc-a21e-8ea7bd489059"
"96","Richard","Taller romo","pieza","Suzuki","2000","","20","10","10","1779239097069","https://reminiscent-dolphin-481.convex.cloud/api/storage/8389c814-cf7d-42eb-8ed0-2231cca74a02"
"97","Andres Compra","Taller kam","pieza","Generico","","","65","65","0","1779209733385","https://reminiscent-dolphin-481.convex.cloud/api/storage/93f4c7e2-9103-42a9-829b-949ca8600396"
"98","Andres Compra","Taller san Vicente","pieza","Mazda","","","120","120","0","1779209562727","https://reminiscent-dolphin-481.convex.cloud/api/storage/a40e6e2c-42f2-43ca-a794-1a4058f8dadb"
"99","Andres Compra","Alberto mecanico","pieza","Bmw","","","75","75","0","1779209465799","https://reminiscent-dolphin-481.convex.cloud/api/storage/73bf8fa9-a0f3-48ca-bf47-5e2c9affe683"
"100","Andres Compra","AJ service","pieza","Suzuki","","","110","110","0","1779209327878","https://reminiscent-dolphin-481.convex.cloud/api/storage/7ce5ce98-f58b-40f2-917d-bc3a777cb56c"
"101","Richard","Amilcar","pieza","Samsung","2000","","30","20","10","1779141614976","https://reminiscent-dolphin-481.convex.cloud/api/storage/b1e0c883-ec56-4793-9926-506efd987306"
"102","Richard","Amilcar","pieza","Nissan","2000","","85","75","10","1779141559045","https://reminiscent-dolphin-481.convex.cloud/api/storage/9ab419bd-52e8-4d38-bab6-d68a2b10c7be"
"103","Richard","Taller san Vicente","pieza","Hyundai","2000","","40","30","10","1779141342816","https://reminiscent-dolphin-481.convex.cloud/api/storage/ea053634-c1e2-439b-b5ca-689f37698968"
"104","Richard","Taller DF","pieza","Mazda","2007","","35","25","10","1779124413724","https://reminiscent-dolphin-481.convex.cloud/api/storage/1afcb985-51c3-4368-8c79-b1ca493fe648"
"105","Richard","Euro rastro","suelto","BMW","","1224","65","50","15","1779120974327","https://reminiscent-dolphin-481.convex.cloud/api/storage/ff33d2ff-fa8a-4254-b6b4-f1d66a06ac7f"
"106","Richard","Nueva era","suelto","Toyota","","635","31","25","6","1779117724542","https://reminiscent-dolphin-481.convex.cloud/api/storage/536dccaa-dff7-4278-8ff9-cc9e87835e8e"
"107","Richard","Nueva era","pieza","Hyundai","2000","","38","30","8","1779117677374","https://reminiscent-dolphin-481.convex.cloud/api/storage/2a1c1e2b-096b-40e2-9278-390613228826"
"108","Richard","Melvin","suelto","Toyota","","1133","65","50","15","1778960936724","https://reminiscent-dolphin-481.convex.cloud/api/storage/d5e82d5c-0525-43f3-b5ce-98add310198a"
"109","Richard","Taller chu","suelto","Toyota","","725","40","31","9","1778954436526","https://reminiscent-dolphin-481.convex.cloud/api/storage/664d0099-095d-4329-9bf6-f7833776a1f9"
"110","Andres Compra","Chapistería la pulida","pieza","Audi","","","180","180","0","1778809916468","https://reminiscent-dolphin-481.convex.cloud/api/storage/b6c1c12d-2c3c-4bc2-ae36-c57e7cd1be93"
"111","Andres Compra","Amilcar","pieza","Toyota","Gl9","","40","40","0","1778809883872","https://reminiscent-dolphin-481.convex.cloud/api/storage/b1e341f5-5ba5-4199-bad1-167ff8adb4e9"
"112","Andres Compra","AJ service","pieza","Toyota","Ge1","","150","150","0","1778809815172","https://reminiscent-dolphin-481.convex.cloud/api/storage/4a39485a-4899-4409-b096-a9a30566e922"
"113","Richard","Luis pueblo nuevo","pieza","Honda","2000","","90","70","20","1778785411229","https://reminiscent-dolphin-481.convex.cloud/api/storage/896e0f24-664c-46b9-a376-d57f7a88d1fd"
"114","Richard","Luis pueblo nuevo","pieza","Toyota","2000","","40","30","10","1778785361237","https://reminiscent-dolphin-481.convex.cloud/api/storage/e39511cb-48f5-4ef8-acde-ed7e225d37c1"
"115","Andres Compra","Taller bosa","suelto","Generico","","2000","95","95","0","1778763982208","https://reminiscent-dolphin-481.convex.cloud/api/storage/612fa604-7aa6-42fe-b2b4-97ac38bd9202"
"116","Andres Compra","Multiservicios","pieza","Toyota","","","25","25","0","1778763929629","https://reminiscent-dolphin-481.convex.cloud/api/storage/0f8233f3-dc03-4091-ab9d-7469e40e561e"
"117","Andres Compra","Alberto mecanico","pieza","Generico","","","55","55","0","1778763881532","https://reminiscent-dolphin-481.convex.cloud/api/storage/71238e79-54b3-49af-afff-44bb9df0cdb5"
"118","Andres Compra","Asia center","pieza","Kia","","","30","30","0","1778763852038","https://reminiscent-dolphin-481.convex.cloud/api/storage/e7318521-af52-4dc3-8817-b66f40ad1ca8"
"119","Andres Compra","Multiservicios","pieza","Bmw","","","210","210","0","1778763823691","https://reminiscent-dolphin-481.convex.cloud/api/storage/3d08a290-363a-444d-b2db-5fe9e666ebf8"
"120","Andres Compra","Taller kam","pieza","Nissan","","","70","70","0","1778763795832","https://reminiscent-dolphin-481.convex.cloud/api/storage/61f743c4-4e5f-4172-a311-366344464e8e"
"121","Andres Compra","Taller kam","pieza","Nissan","","","28","28","0","1778763758550","https://reminiscent-dolphin-481.convex.cloud/api/storage/287c83f0-8d03-4803-80cb-4e7e7fd5611f"
"122","Andres Compra","Multiservicios","pieza","Kia","","","70","70","0","1778763726071","https://reminiscent-dolphin-481.convex.cloud/api/storage/6328d620-d827-4fda-b2f6-238b54f30fa4"
"123","Andres Compra","El progreso","pieza","Toyota","","","75","75","0","1778763690475","https://reminiscent-dolphin-481.convex.cloud/api/storage/b9231b0d-2af7-41ed-98fe-97197aad80c3"
"124","Andres Compra","Taller bonilla","pieza","Kia","","","30","30","0","1778763657624","https://reminiscent-dolphin-481.convex.cloud/api/storage/71509508-2d70-413b-886a-f97332d0fba2"
"125","Richard","Cholo taller","suelto","Hyundai","","453","26","20","6","1778713307158","https://reminiscent-dolphin-481.convex.cloud/api/storage/d5a37b79-4b6c-49ff-8ae5-20abc7b054f4"
"126","Richard","Alberto mecanico","pieza","Land rover","2000","","195","180","15","1778695447364","https://reminiscent-dolphin-481.convex.cloud/api/storage/cc338399-8aaa-4a6b-aa63-cf76bb059321"
"127","Richard","Itsmo llantas","pieza","Nissan","2000","","35","25","10","1778695379846","https://reminiscent-dolphin-481.convex.cloud/api/storage/65638253-df80-4c0e-be1d-ab0fc7b00fad"
"128","Richard","Cliente sin nombre","pieza","Toyota","2000","","95","85","10","1778615473423","https://reminiscent-dolphin-481.convex.cloud/api/storage/b957bc5c-5791-4c1a-9b31-9bdba264dc48"
"129","Richard","Soldadura","suelto","Kia","","362","15","12","3","1778559578100","https://reminiscent-dolphin-481.convex.cloud/api/storage/a5aba180-dd51-47f7-93f6-077dcca49e83"
"130","Andres Compra","Taller el Cruze","pieza","Generico","","","45","45","0","1778519200968","https://reminiscent-dolphin-481.convex.cloud/api/storage/ae23f2cd-6a04-411b-81f5-8a0feb2c9cd6"
"131","Andres Compra","Taller río abajo","pieza","Mitsubishi","","","155","155","0","1778519175737","https://reminiscent-dolphin-481.convex.cloud/api/storage/272a8a92-dd7c-48ad-8a2f-9138b7a99524"
"132","Andres Compra","Taller río abajo","pieza","Multiple","","","30","30","0","1778519143853","https://reminiscent-dolphin-481.convex.cloud/api/storage/a2f76c14-24f7-4022-a4de-0dd401c59653"
"133","Andres Compra","Amilcar","pieza","Mitsubishi","","","65","65","0","1778519118757","https://reminiscent-dolphin-481.convex.cloud/api/storage/5b001db1-ba9b-440d-ab9b-b291549f7e4e"
"134","Andres Compra","Amilcar","pieza","Multi","","","23","23","0","1778519088975","https://reminiscent-dolphin-481.convex.cloud/api/storage/c84d5517-4e0d-4f37-b669-81ba825c2b10"
"135","Andres Compra","Asia center","pieza","Toyota","T24","","130","130","0","1778504766673","https://reminiscent-dolphin-481.convex.cloud/api/storage/d367541a-fa6b-493f-8663-7757ed9e29ac"
"136","Andres Compra","Servicentro vicente","pieza","Ford","","","165","165","0","1778504731788","https://reminiscent-dolphin-481.convex.cloud/api/storage/fbc2a9dd-748c-4452-98e1-5d756d838c24"
"137","Andres Compra","AJ service","suelto","Mazda","","2200","90","90","0","1778504690095","https://reminiscent-dolphin-481.convex.cloud/api/storage/ff348123-a95e-4b61-8fcb-c94674093162"
"138","Andres Compra","Taller kam","suelto","Kia","","600","35","35","0","1778504647314","https://reminiscent-dolphin-481.convex.cloud/api/storage/348829ee-4857-4ee0-9f1f-f4926ebe7c9a"
"139","Andres Compra","Taller río abajo","suelto","Ford","","2000","85","85","0","1778504608870","https://reminiscent-dolphin-481.convex.cloud/api/storage/34469e0a-689f-4e28-b1be-0e0050587b4e"
"140","Andres Compra","Taller río abajo","suelto","Honda","","1100","60","60","0","1778504558368","https://reminiscent-dolphin-481.convex.cloud/api/storage/6016c1f1-e0ad-4d36-92fc-2bc884bca9e2"
"141","Richard","Anthony taller","suelto","Chevrolet aveo","","680","39","30","9","1778360833432","https://reminiscent-dolphin-481.convex.cloud/api/storage/49df40b8-afce-42fd-883e-d4f358b00540"
"142","Richard","Lemans cars","suelto","Chevrolet","","861","51","40","11","1778358416041","https://reminiscent-dolphin-481.convex.cloud/api/storage/44e7b80d-0c06-4005-b7e5-fc5cf6f23623"
"143","Richard","Cheaper","suelto","Chevrolet","","1088","30","18","12","1778345013979","https://reminiscent-dolphin-481.convex.cloud/api/storage/c76d38c3-ac44-48d5-bf33-bafa0968b3fa"
"144","Richard","Nueva era","pieza","Toyota","Yaris","","66","60","6","1778341579942","https://reminiscent-dolphin-481.convex.cloud/api/storage/4d4195af-a410-4d97-b8be-7b2602872a2b"
"145","Richard","Almacar","suelto","Toyota","","544","27","21","6","1778294154072","https://reminiscent-dolphin-481.convex.cloud/api/storage/e53bbfaf-ebe3-437b-938f-572f081a9a00"
"146","Richard","Wilmer rastro","suelto","Hyundai accent","","226","13","10","3","1778294030833","https://reminiscent-dolphin-481.convex.cloud/api/storage/2c533144-d73e-4feb-b200-3693469541f8"
"147","Richard","Anthony taller","pieza","Ford","2000","","95","80","15","1778282301923","https://reminiscent-dolphin-481.convex.cloud/api/storage/69a9abc5-9a23-4ced-9590-3c6d26a294b3"
"148","Richard","Milton soldador","suelto","Nissan","","725","40","31","9","1778259918903","https://reminiscent-dolphin-481.convex.cloud/api/storage/27da375b-3aa6-4282-8b30-d0cd664aa726"
"149","Richard","Taller romo","suelto","Hyundai accent","","907","52","40","12","1778257146124","https://reminiscent-dolphin-481.convex.cloud/api/storage/b8db86be-5bbc-4754-84bc-bc8040656e4a"
"150","Richard","Servicio ricardo","pieza","Amarok","2000","","45","40","5","1778180396236","https://reminiscent-dolphin-481.convex.cloud/api/storage/aff582d7-3878-4dff-96b2-3910aece6512"
"151","Richard","Servicio ricardo","pieza","Amarok","2000","","45","40","5","1778180342949","https://reminiscent-dolphin-481.convex.cloud/api/storage/d6c8e3f8-b4d5-4b6e-a13f-4a7e647208d8"
"152","Richard","Servicio ricardo","suelto","Europeo","","771","40","31","9","1778180245524","https://reminiscent-dolphin-481.convex.cloud/api/storage/1f5f1017-f79d-4e3d-948a-ae6701924e30"
"153","Richard","Miguel soldador","pieza","Toyota","Tb1","","110","100","10","1778118037947","https://reminiscent-dolphin-481.convex.cloud/api/storage/afcf861f-b132-4af6-83cf-44b14a4825db"
"154","Richard","Miguel soldador","pieza","Toyota","Gp1","","110","100","10","1778117867526","https://reminiscent-dolphin-481.convex.cloud/api/storage/389f2a5c-c0db-4b96-a413-e7e062fc7676"
"155","Richard","Taller chu","suelto","Toyota","","544","28","22","6","1778087721632","https://reminiscent-dolphin-481.convex.cloud/api/storage/1c024e84-d77c-45dc-9fe9-5b9f8f8e425f"
"156","Andres Compra","Taller kam","pieza","Generico","","","90","90","0","1778084151746","https://reminiscent-dolphin-481.convex.cloud/api/storage/540fe576-23e1-4100-ad5f-a5463ed94906"
"157","Andres Compra","Taller kam","pieza","Generico","","","45","45","0","1778084121341","https://reminiscent-dolphin-481.convex.cloud/api/storage/53679ebc-6462-453b-9968-3331821e76ee"
"158","Andres Compra","Servicentro vicente","pieza","Americano","","","75","75","0","1778084093762","https://reminiscent-dolphin-481.convex.cloud/api/storage/50e9e3f3-de00-4692-8cda-99a2dad7d684"
"159","Andres Compra","Servicentro vicente","pieza","Americano","","","75","75","0","1778084049716","https://reminiscent-dolphin-481.convex.cloud/api/storage/3bb25b85-5a9a-46ab-90fb-ade668b7360e"
"160","Andres Compra","Aaron","pieza","Toyot","","","65","65","0","1778084013069","https://reminiscent-dolphin-481.convex.cloud/api/storage/7ae2f7a3-f7b9-4bcb-83f3-b367ef31aff5"
"161","Andres Compra","Asia center","pieza","Pilot","","","55","55","0","1778083904664","https://reminiscent-dolphin-481.convex.cloud/api/storage/0a012513-86c6-450b-8522-94951f384dee"
"162","Andres Compra","Amilcar","pieza","Toyota","","","20","20","0","1778083875528","https://reminiscent-dolphin-481.convex.cloud/api/storage/c1b88983-b1be-4205-bbd0-ce3b31b45fb3"
"163","Richard","Rastro vacamonte","pieza","Hyundai kia","2000","","80","65","15","1778081216888","https://reminiscent-dolphin-481.convex.cloud/api/storage/9a5bfc80-167a-40f5-99a0-16cbc9d46ea7"
"164","Richard","Amilcar","suelto","Toyota","","1950","107","83","24","1778036110508","https://reminiscent-dolphin-481.convex.cloud/api/storage/7bf4bc2a-781a-4529-ad86-f540d224c1ea"
"165","Richard","Cholo taller","pieza","Hyundai kia","2000","","15","5","10","1777998519584","https://reminiscent-dolphin-481.convex.cloud/api/storage/99d0cbbe-71d8-43a7-b2d6-051a002b8db1"
"166","Richard","Gustavo taller","suelto","Hyundai kia","","861","50","38","12","1777998365080","https://reminiscent-dolphin-481.convex.cloud/api/storage/677a3651-1a75-4db6-a0c4-98636b82d4fd"
"167","Richard","Gustavo taller","pieza","Subaru","2000","","85","75","10","1777997632678","https://reminiscent-dolphin-481.convex.cloud/api/storage/3e580eed-8e74-42f4-82c7-c423ebc71425"
"168","Andres Compra","Cliente sin nombre","pieza","Kia","","","80","80","0","1777996729284","https://reminiscent-dolphin-481.convex.cloud/api/storage/d0372107-a48f-4a50-815c-f61a99752a58"
"169","Andres Compra","Taller río abajo","pieza","Toyota","","","85","85","0","1777996678837","https://reminiscent-dolphin-481.convex.cloud/api/storage/40c79ed8-77e1-4ee6-b791-79345983d4fa"
"170","Richard","Aaron","pieza","Hyundai kia","2000","","70","60","10","1777950552926","https://reminiscent-dolphin-481.convex.cloud/api/storage/fd2feef1-fb41-444b-bc09-d43e307235f4"
"171","Richard","Aaron","pieza","Hyundai kia","2000","","70","60","10","1777950502703","https://reminiscent-dolphin-481.convex.cloud/api/storage/a0f20ea0-9e01-4168-a77e-ec5d40b4d18e"
"172","Richard","Aaron","suelto","Toyota","","1043","54","42","12","1777950328057","https://reminiscent-dolphin-481.convex.cloud/api/storage/e36ad21c-afc9-4342-8cef-2e5c6bc69722"
"173","Richard","Taller san Vicente","suelto","Toyota","","861","51","40","11","1777950280707","https://reminiscent-dolphin-481.convex.cloud/api/storage/0d86603a-7be0-4fcd-b99f-643c5c806538"
"174","Richard","Amilcar","suelto","Hyundai","","500","14","10","4","1777949916285","https://reminiscent-dolphin-481.convex.cloud/api/storage/fafb6b95-4d1f-4a75-9e80-18611d26b637"
"175","Andres Compra","5 hermano","pieza","Kia","","","55","55","0","1777930999991","https://reminiscent-dolphin-481.convex.cloud/api/storage/9c4f853e-3698-4283-bbde-0b950ec58671"
"176","Andres Compra","Rastro linin","pieza","Toyota","","","50","50","0","1777930954628","https://reminiscent-dolphin-481.convex.cloud/api/storage/c83e6397-06fc-49de-9027-20d4cc2809dd"
"177","Andres Compra","Chilibre","pieza","Mistaubishi","","","150","150","0","1777930919406","https://reminiscent-dolphin-481.convex.cloud/api/storage/afd96500-dd0e-4680-96be-2d4884b51547"
"178","Andres Compra","Taller el Cruze","suelto","Honda","","1200","80","80","0","1777930871374","https://reminiscent-dolphin-481.convex.cloud/api/storage/2e55ec71-f255-4a38-aa5f-16ffaa857e8b"
"179","Andres Compra","Polo serviauto","pieza","Toyota","","","35","35","0","1777930820993","https://reminiscent-dolphin-481.convex.cloud/api/storage/3e666bd8-e485-4c93-a616-8738fb3fce77"
"180","Andres Compra","Taller el Cruze","pieza","Yaris","","","50","50","0","1777930785168","https://reminiscent-dolphin-481.convex.cloud/api/storage/52d510b3-5bf7-49b8-bc6d-617a7be456db"
"181","Andres Compra","Aaron","pieza","Toyota","J80","","70","70","0","1777930732827","https://reminiscent-dolphin-481.convex.cloud/api/storage/ae097bb0-7e66-4dd4-bd71-96bad6824fc3"
"182","Richard","Papa","suelto","Nissan extrail","","589","29","23","6","1777565264115",""
"183","Andres Compra","David car Center","pieza","Bmw","","","80","80","0","1777553654376","https://reminiscent-dolphin-481.convex.cloud/api/storage/b03393f7-296f-4d46-a07d-65426b09ac44"
"184","Andres Compra","AutoPartes Juan diaz","pieza","Nissan","","","75","75","0","1777553568778","https://reminiscent-dolphin-481.convex.cloud/api/storage/c34f2bf5-ee9c-405c-b2b7-72fbfbe7ed77"
"185","Andres Compra","Alberto mecanico","pieza","Gen","","","5","5","0","1777553528743","https://reminiscent-dolphin-481.convex.cloud/api/storage/94a51a1f-aefc-4d82-bccc-ecc8249aa13b"
"186","Andres Compra","Servicentro vicente","pieza","Toyota","","","80","80","0","1777553496684","https://reminiscent-dolphin-481.convex.cloud/api/storage/13b1adc0-7c70-4b22-a962-b9f1dc5779cb"
"187","Andres Compra","Autozen","pieza","B5B","","","65","65","0","1777553438518","https://reminiscent-dolphin-481.convex.cloud/api/storage/559595b7-13b4-4d82-89a6-8299d77d597d"
"188","Andres Compra","Taller bonilla","pieza","Kia","","","60","60","0","1777553371034","https://reminiscent-dolphin-481.convex.cloud/api/storage/3f2ff4d1-0c4a-45f7-9b70-bfbbe793e514"
"189","Andres Compra","Maxcenter","suelto","Variado","","12500","280","280","0","1777553330054","https://reminiscent-dolphin-481.convex.cloud/api/storage/e4858706-e6e5-4852-83bf-3eef17efb21e"
"190","Richard","Nelson","suelto","Grandvitara","","635","34","28","6","1777490855873","https://reminiscent-dolphin-481.convex.cloud/api/storage/6c0be274-99f8-4705-8d29-b016f090bc31"
"191","Richard","Alberto mecanico","suelto","Nissan","","1360","78","60","18","1777410810400","https://reminiscent-dolphin-481.convex.cloud/api/storage/82cfee31-bad6-423b-801d-907a9607c93c"
"192","Richard","El progreso","suelto","Varios","","1451","80","62","18","1777399820348","https://reminiscent-dolphin-481.convex.cloud/api/storage/e57e87c0-d7a1-4ead-b576-47fa3f4c56aa"
"193","Richard","Servioeste","suelto","Hyundai tucson","","1","26","20","6","1777387167640","https://reminiscent-dolphin-481.convex.cloud/api/storage/c305bd94-f630-4e25-b403-6fae21f37a65"
"194","Richard","Milton soldadura","suelto","Kia picanto","","771","37","27","10","1777319449251",""
"195","Richard","Papa","suelto","Mitsubishi","","1","26","20","6","1777305497101","https://reminiscent-dolphin-481.convex.cloud/api/storage/2e054042-7c84-471b-9c18-d9a7ebb91286"
"196","Richard","Polo serviauto","pieza","Honda","2000","","50","40","10","1777136700994","https://reminiscent-dolphin-481.convex.cloud/api/storage/0de5b93e-4db3-4043-af82-6ba96ed6dcb7"
"197","Richard","Almacar","suelto","Toyota","","181","16","10","6","1777125739913","https://reminiscent-dolphin-481.convex.cloud/api/storage/2d124483-a2b2-4d9d-bffe-acf4ab680253"
"198","Andres Compra","Anthony taller","suelto","Generico","","600","25","25","0","1777070036117","https://reminiscent-dolphin-481.convex.cloud/api/storage/bbc1c0b5-4756-48bf-b464-1b13c77b3be8"
"199","Andres Compra","Asia center","suelto","Generico","","1500","65","65","0","1777070007498","https://reminiscent-dolphin-481.convex.cloud/api/storage/de93938a-4b8b-4380-95df-9972155081bf"
"200","Andres Compra","Taller san Vicente","pieza","Generico","","","35","35","0","1777069970540","https://reminiscent-dolphin-481.convex.cloud/api/storage/8a932914-6ccc-43d8-b319-b867d455f97a"
"201","Andres Compra","Asia center","pieza","Kia","","","30","30","0","1777069939512","https://reminiscent-dolphin-481.convex.cloud/api/storage/ff416e29-8180-4806-ba9e-f23132333cdf"
"202","Andres Compra","AutoPartes Juan diaz","pieza","Kia","","","30","30","0","1777069901826","https://reminiscent-dolphin-481.convex.cloud/api/storage/022bc3f3-a318-4ab8-a5ad-4a5baaaf51a7"
"203","Andres Compra","AutoPartes Juan diaz","pieza","Multi","","","20","20","0","1777069866908","https://reminiscent-dolphin-481.convex.cloud/api/storage/16c5d68e-cf43-4c37-8dd8-98d176444729"
"204","Andres Compra","Cliente sin nombre","pieza","Multi","","","45","45","0","1777069773430","https://reminiscent-dolphin-481.convex.cloud/api/storage/4dc9df06-fe69-4076-a2eb-55d4fda734ce"
"205","Andres Compra","5 hermano","pieza","Generico","","","60","60","0","1777069716689","https://reminiscent-dolphin-481.convex.cloud/api/storage/a25c7b7f-6670-48a5-8f84-ebbb1b706547"
"206","Andres Compra","5 hermano","pieza","Generico","","","30","30","0","1777069651660","https://reminiscent-dolphin-481.convex.cloud/api/storage/51e7902a-2cc1-4e91-b103-435421604976"
"207","Andres Compra","Anthony taller","pieza","Generico","","","35","35","0","1777069582841","https://reminiscent-dolphin-481.convex.cloud/api/storage/e9860bf2-5bbb-49c9-98f2-19489b66c50b"
"208","Andres Compra","Autozen","pieza","Generico","","","15","15","0","1777069542256","https://reminiscent-dolphin-481.convex.cloud/api/storage/7052bc8f-0fd5-43fc-a5fd-f49d11a245f0"
"209","Andres Compra","Anthony taller","pieza","Multi","","","20","20","0","1777069487710","https://reminiscent-dolphin-481.convex.cloud/api/storage/33b36a2f-ef08-48ad-85e3-2d0562cf8ac1"
"210","Andres Compra","Taller el Cruze","pieza","Multi","","","10","10","0","1777069354484","https://reminiscent-dolphin-481.convex.cloud/api/storage/73e4a4c4-0d56-4c46-a843-5de10baeac68"
"211","Andres Compra","Carlos rastreria","pieza","Mcs","","","10","10","0","1777069276974","https://reminiscent-dolphin-481.convex.cloud/api/storage/a0e908aa-466a-45cd-8d50-5407bf04de3b"
"212","Andres Compra","5 hermanos","pieza","Spark","","","30","30","0","1777069231422","https://reminiscent-dolphin-481.convex.cloud/api/storage/6365a021-e480-4408-89d2-4be0cba4e427"
"213","Andres Compra","Taller general","pieza","Des","","","35","35","0","1777069182061","https://reminiscent-dolphin-481.convex.cloud/api/storage/8af97109-af24-450d-b4dd-069be87aa8b3"
"214","Andres Compra","Aaron","pieza","De","","","120","120","0","1777069111181","https://reminiscent-dolphin-481.convex.cloud/api/storage/cffad987-12c3-4f72-9df0-a9044a09b875"
"215","Andres Compra","Silenciadores Colon","pieza","Kia","","","70","70","0","1777069015641","https://reminiscent-dolphin-481.convex.cloud/api/storage/fe8b7a5a-a7d6-4202-a9f1-9c61be48dc80"
"216","Andres Compra","Silenciadores Colon","pieza","Hyun","","","70","70","0","1777068948564","https://reminiscent-dolphin-481.convex.cloud/api/storage/586f7ba4-1065-4ea1-b728-2273297a1605"
"217","Andres Compra","Silenciadores Colon","pieza","Mil","","","15","15","0","1777068853247","https://reminiscent-dolphin-481.convex.cloud/api/storage/43d2aace-606e-43ce-9cdd-748e6a8b3748"
"218","Andres Compra","Silenciadores Colon","pieza","Kia","","","15","15","0","1777068804055","https://reminiscent-dolphin-481.convex.cloud/api/storage/0757f8a7-e3c0-4fd7-9e88-0f4528cce1a1"
"219","Andres Compra","Silenciadores Colon","pieza","Multi","","","120","120","0","1777068585452","https://reminiscent-dolphin-481.convex.cloud/api/storage/ac2035fe-4352-46a9-be60-d540ba547867"
"220","Andres Compra","5 hermanos","pieza","Bmw","","","210","210","0","1777068392830","https://reminiscent-dolphin-481.convex.cloud/api/storage/14065ed2-0041-4c6a-a4a4-5a497163a5e3"
"221","Andres Compra","Silenciadores Colon","pieza","Tcf","Hunday","","25","25","0","1777068285627","https://reminiscent-dolphin-481.convex.cloud/api/storage/c2d4bbd2-e8df-4046-98af-2b17980a8f05"
"222","Andres Compra","Silenciadores Colon","pieza","Multiple","Multiple","","45","45","0","1777068198061","https://reminiscent-dolphin-481.convex.cloud/api/storage/7c3db881-9ab2-47aa-a62f-db1fa5d0a2cc"
"223","Richard","Servicentro vicente","suelto","Ford","","997","52","40","12","1777062594602","https://reminiscent-dolphin-481.convex.cloud/api/storage/b4d5b9b4-4c6c-4284-8e0c-069fc757c597"
"224","Richard","Guillermo Juan Díaz","suelto","Toyota","","1360","78","60","18","1777056659693","https://reminiscent-dolphin-481.convex.cloud/api/storage/8ff6acda-b934-41eb-973d-526086109312"
"225","Richard","Servicentro vicente","suelto","Toyota","","1","26","20","6","1777044105794","https://reminiscent-dolphin-481.convex.cloud/api/storage/29cce744-f71d-4690-a90f-d17a2eaae59d"
"226","Andres Compra","AutoPartes Juan diaz","suelto","Bmw","","600","35","35","0","1777035133044","https://reminiscent-dolphin-481.convex.cloud/api/storage/0a1225cc-fe56-4487-aeac-397aa6f3934a"
"227","Andres Compra","AutoPartes Juan diaz","suelto","Toyota","","1000","40","40","0","1777035095517","https://reminiscent-dolphin-481.convex.cloud/api/storage/501426d6-812c-4604-84db-c28472266e0e"
"228","Andres Compra","Taller kam","pieza","Kia","","","35","35","0","1777035052049","https://reminiscent-dolphin-481.convex.cloud/api/storage/3e934cbc-b198-46c5-a195-663014f1d506"
"229","Andres Compra","Cliente sin nombre","pieza","Gm","0","","90","90","0","1777035025139","https://reminiscent-dolphin-481.convex.cloud/api/storage/e2e74d35-0a8b-4440-b408-0e3d31f6ea1b"
"230","Andres Compra","Rastro autopartes","pieza","Toyota","","","40","40","0","1776957452534","https://reminiscent-dolphin-481.convex.cloud/api/storage/d1d63b7b-3c65-4873-9f8e-c16e391aaea5"
"231","Andres Compra","Rastro autopartes","pieza","Kia","PBA","","35","35","0","1776957404731","https://reminiscent-dolphin-481.convex.cloud/api/storage/048901d7-8788-4c47-aadf-9f8fa40628fe"
"232","Andres Compra","Rastro autopartes","pieza","Honda","","","60","60","0","1776957353136","https://reminiscent-dolphin-481.convex.cloud/api/storage/5c859f79-2cc5-48bb-9010-2924e967b696"
"233","Andres Compra","Rastro autopartes","pieza","Nissan","No","","35","35","0","1776957319203","https://reminiscent-dolphin-481.convex.cloud/api/storage/3ff521b7-91c9-49d3-8f89-656b91f9b273"
"234","Andres Compra","Rastro autopartes","pieza","Honda","No","","45","45","0","1776957238111","https://reminiscent-dolphin-481.convex.cloud/api/storage/cfdf4d4c-243c-449a-b0ce-1adf7f2bc045"
"235","Richard","Taller río abajo","suelto","Toyota","","3","78","60","18","1776889366160","https://reminiscent-dolphin-481.convex.cloud/api/storage/49928962-fbfe-4c99-8f66-869c1ca89cf1"
"236","Richard","Anthony taller","suelto","Suzuki","","725","46","31","15","1776888205103","https://reminiscent-dolphin-481.convex.cloud/api/storage/04e2e129-79e0-426e-8480-01b557d5f066"
"237","Richard","Wilmer rastro","pieza","Subaru","2000","","65","50","15","1776888072127","https://reminiscent-dolphin-481.convex.cloud/api/storage/ef519b95-efa1-4440-a586-c0d48637b9d8"
"238","Andres Compra","Rastro la esperanza","pieza","Renault","96819211","","55","55","0","1776883559974","https://reminiscent-dolphin-481.convex.cloud/api/storage/3aeec050-7468-49c4-bfc1-fba8b18c4306"
"239","Andres Compra","Rastro la esperanza","pieza","Kia","Ta960","","30","30","0","1776883482663","https://reminiscent-dolphin-481.convex.cloud/api/storage/860a2ad3-cf04-4146-8602-3e2ad6d24694"
"240","Andres Compra","Rastro la esperanza","pieza","Multiple","Multiple","","70","70","0","1776883400951","https://reminiscent-dolphin-481.convex.cloud/api/storage/c07388b7-a23e-4e10-843a-a4eda637cbde"
"241","Richard","Online","suelto","Hyundai brillant","","680","16","10","6","1776716572941","https://reminiscent-dolphin-481.convex.cloud/api/storage/57b6c987-4577-4d0a-9685-e51f9241372c"
"242","Richard","Online","suelto","Hyundai brillant","","4944","283","220","63","1776716461989","https://reminiscent-dolphin-481.convex.cloud/api/storage/6335d9fc-0280-448e-ace5-556e53a17a54"
"243","Andres Compra","Mechanical workshop","suelto","Hyundai","","500","20","20","0","1776714337296","https://reminiscent-dolphin-481.convex.cloud/api/storage/8db82b35-823c-4b70-bfb9-34a084e3b92c"
"244","Richard","Luis pueblo nuevo","suelto","Honda crv","","113","62","50","12","1776706683332","https://reminiscent-dolphin-481.convex.cloud/api/storage/13d0c2fc-c836-498e-9802-53994da90438"
"245","Richard","Autozen","pieza","Hyundai","2000","","30","20","10","1776701225664","https://reminiscent-dolphin-481.convex.cloud/api/storage/9780391c-10c0-4b58-bef3-81ba63907a33"
"246","Andres Compra","Nueva era","pieza","Toyota","X16","","75","75","0","1776691062361","https://reminiscent-dolphin-481.convex.cloud/api/storage/3788e6b3-1b81-410d-9a47-cec26fd6782a"
"247","Andres Compra","Nueva era","suelto","Nissan","","2500","50","50","0","1776690526443","https://reminiscent-dolphin-481.convex.cloud/api/storage/c65a33c1-0d2d-475c-8b4d-0638436414aa"
"248","Richard","Euro rastro","suelto","Bmw","","3","78","60","18","1776540119119",""
"249","Richard","Taller leo","suelto","Nissan","","1","26","20","6","1776528662433",""
"250","Richard","Auto Advance","pieza","Kia","2011","","20","15","5","1776467812016","https://reminiscent-dolphin-481.convex.cloud/api/storage/011896c0-34a5-4f0e-b6b1-bcc82ffbc3e0"
"251","Richard","Autoservicio cruce","pieza","Toyota","2000","","60","50","10","1776451703911","https://reminiscent-dolphin-481.convex.cloud/api/storage/c6725bcd-1116-4dcb-979d-4f1803500bfb"
"252","Andres Compra","Compraventa","pieza","0y111","O","","20","20","0","1776448491104","https://reminiscent-dolphin-481.convex.cloud/api/storage/25d39089-cb84-41c5-9bd9-8cdb12d6cf3c"
"253","Andres Compra","Compraventa","pieza","Oyo50","O","","15","15","0","1776448447121","https://reminiscent-dolphin-481.convex.cloud/api/storage/d37eb815-fc2b-4f34-849b-e8b2bcaa2ac1"
"254","Andres Compra","Compraventa","pieza","Byd","Byd","","20","20","0","1776448368112","https://reminiscent-dolphin-481.convex.cloud/api/storage/b4c620e8-f31f-47af-91c0-e78df3d28c12"
"255","Andres Compra","Compraventa","pieza","Kia","03911","","10","10","0","1776448291347","https://reminiscent-dolphin-481.convex.cloud/api/storage/6ad96849-90fe-4be1-a696-625e31afde63"
"256","Andres Compra","Compraventa","pieza","Kia","Ta960","","14","14","0","1776448243543","https://reminiscent-dolphin-481.convex.cloud/api/storage/3ab04668-3b78-4987-b1f1-7f6d0036daed"
"257","Andres Compra","Rastro autopartes","pieza","Ram","2019","","75","75","0","1776400290603","https://reminiscent-dolphin-481.convex.cloud/api/storage/081e21e3-9970-4c5d-9645-d9807e06c486"
"258","Andres Compra","Rastro autopartes","pieza","Ram","2019","","75","75","0","1776400228134","https://reminiscent-dolphin-481.convex.cloud/api/storage/b9e35846-70b2-40a9-a91d-3114fd3434d8"
"259","Andres Compra","Rastro autopartes","pieza","Honda","K5w191","","70","70","0","1776400139865","https://reminiscent-dolphin-481.convex.cloud/api/storage/5b7e5304-94bd-44f5-9ff5-04255b45488e"
"260","Richard","Servicentro el gigante","suelto","Hyundai accent","","130","62","50","12","1776370548903","https://reminiscent-dolphin-481.convex.cloud/api/storage/d028bd62-118f-4210-81fc-b2fa9bd4a760"
"261","Richard","5 hermano","pieza","Mitsubishi","","","21","15","6","1776369245322","https://reminiscent-dolphin-481.convex.cloud/api/storage/e8a770c4-1fe2-4b83-b47b-8b5d5e55b8db"
"262","Richard","5 hermano","suelto","Kia cerato","","1","26","20","6","1776368320389","https://reminiscent-dolphin-481.convex.cloud/api/storage/6ac53879-c8c2-49cb-8403-6f0eaa5b4596"
"263","Andres Compra","Rastro autopartes","pieza","Ram","2019","","70","70","0","1776353854029","https://reminiscent-dolphin-481.convex.cloud/api/storage/7458064a-b709-42ab-9a20-909ce86f8212"
"264","Richard","Taller chu","suelto","Suelto","","1","26","20","6","1776352519340","https://reminiscent-dolphin-481.convex.cloud/api/storage/0edceaaa-cc27-4ba1-9ae9-223a12a74ea7"
"265","Andres Compra","Sparks motors","suelto","Toyota","","500","20","20","0","1776352088228","https://reminiscent-dolphin-481.convex.cloud/api/storage/2b656d1c-46c9-4ecf-a996-2a5d11df57c0"
"266","Andres Compra","Taller el Cruze","suelto","Generico","","1200","45","45","0","1776300615460",""
"267","Andres Compra","Taller kam","pieza","Multiple","960","","20","20","0","1776300404827","https://reminiscent-dolphin-481.convex.cloud/api/storage/53ed117e-9fc9-4324-97c9-c12120bc6d80"
"268","Andres Compra","Rastro autopartes","pieza","Mitsubishi","1z","","30","30","0","1776300361306","https://reminiscent-dolphin-481.convex.cloud/api/storage/3190ea80-61ea-4d73-abe8-f97ee3578ee7"
"269","Richard","Felipe rodriguez","pieza","Generico","Generico","","18","10","8","1776290594987","https://reminiscent-dolphin-481.convex.cloud/api/storage/6f35a740-bafe-406c-9f8a-dfe3f5cba42c"
"270","Richard","Felipe rodriguez","pieza","Gen","0030424","","18","10","8","1776287686577","https://reminiscent-dolphin-481.convex.cloud/api/storage/8fa9a7f0-86a5-4ccb-90b8-116a4dbf5ee8"
"271","Andres Compra","Nueva era","suelto","Toyota","","3000","60","60","0","1776195289339","https://reminiscent-dolphin-481.convex.cloud/api/storage/720f7a93-a7e0-47d0-a11c-5b0c518d259a"
"272","Andres Compra","5 hermanos","suelto","Nissan","","3500","65","65","0","1776192741031","https://reminiscent-dolphin-481.convex.cloud/api/storage/b0d52097-f4bd-4076-bf58-bd8b16446433"
"273","Andres Compra","Rastro autopartes","pieza","Nissan","4afkf","","30","30","0","1776192707429","https://reminiscent-dolphin-481.convex.cloud/api/storage/ba26b46e-bf4d-433d-8ea6-5c9fa8fd808d"
"274","Andres Compra","Nueva era","suelto","Toyota","","250","10","10","0","1776192643118","https://reminiscent-dolphin-481.convex.cloud/api/storage/b40b7652-c0c9-46a4-9080-c0dff62f215e"
"275","Andres Compra","Taller chu","suelto","Audi","","600","22","22","0","1776192604497","https://reminiscent-dolphin-481.convex.cloud/api/storage/8b76a0ae-d7b4-4dd3-aba9-702336099776"
"276","Richard","Papa","pieza","Mazda","Mazda ","","21","15","6","1776141555443","https://reminiscent-dolphin-481.convex.cloud/api/storage/43389a6e-d0b2-4946-abf9-536bd5f8f749"
"277","Andres Compra","Personal","suelto","Generico","","500","20","20","0","1775929514379",""
"278","Andres Compra","El blueprints","pieza","Hyundai","W2bpp1","","10","10","0","1775929449494","https://reminiscent-dolphin-481.convex.cloud/api/storage/baede932-6f69-4bfe-8b44-89da2a91e083"
"279","Andres Compra","No cliente","suelto","Generico","","400","18","18","0","1775882303586","https://reminiscent-dolphin-481.convex.cloud/api/storage/c0c81fa1-7c16-4b41-acc5-0b3d269b0cba"
"280","Andres Compra","Personal","suelto","Generico","","500","20","20","0","1775882171673","https://reminiscent-dolphin-481.convex.cloud/api/storage/be71d63e-578e-4a4a-93e8-54cf6d7194b3"
"281","Andres Compra","Auto center Pacora","suelto","Hyundai","","500","20","20","0","1775854854344","https://reminiscent-dolphin-481.convex.cloud/api/storage/36c5beee-31d0-4c9e-9ec9-c500a755fdd4"
"282","Andres Compra","Mechanical workshop","pieza","Nissan","X3","","80","80","0","1775851916290","https://reminiscent-dolphin-481.convex.cloud/api/storage/41a92375-f5f5-427a-87e7-91901559f4ea"
"283","Andres Compra","Taller central","suelto","Mazda 3","","1000","40","40","0","1775834634274","https://reminiscent-dolphin-481.convex.cloud/api/storage/61fdb33b-52df-4f85-aceb-5bd195619e5c"